ticker,tau,model,auc_va,auc_te,thr,Sharpe_strat,Sharpe_bh,Coverage,Trades
AAPL,0.001,logreg,0.48589780541030186,0.474086310138344,0.6,0.7880114810839864,0.7388549237747636,0.003205128205128205,0
AAPL,0.0,xgb,0.5440347538864755,0.4546983468117083,0.5,-0.32169178243390634,0.697310979928139,0.48059701492537316,0
BTC-USD,0.0,logreg,0.5107022849462366,0.5038411753828568,0.58,0.9692224335920552,1.1645604194977586,0.030737704918032786,0
BTC-USD,0.0,xgb,0.5379536290322581,0.5657874829794745,0.535,1.8850168682909814,1.1645604194977586,0.5942622950819673,0
MSFT,0.002,logreg,0.510738896433781,0.46641772215774335,0.55,0.9675677900863624,1.3407005417109528,0.2553191489361702,0
MSFT,0.002,xgb,0.48317489059906443,0.517384064187314,0.51,1.3660392321482702,1.3407005417109528,0.5425531914893617,0
SPY,0.001,logreg,0.46888320545609546,0.4393853427895981,0.565,1.0058958574998373,1.2166572381220766,0.07216494845360824,0
SPY,0.002,xgb,0.5096129032258064,0.543923912344965,0.57,0.7322960415160136,1.708648715629225,0.656,0
